,statistics.Mean,statistics.SD,statistics.Naive.SE,statistics.Time.series.SE,quantiles.2.5.,quantiles.25.,quantiles.50.,quantiles.75.,quantiles.97.5.
X.pred[1],0.199933333,1.478232844,0.012069721,0.012572609,0,0,0,0,2
X.pred[2],0.138133333,0.83851022,0.006846407,0.006844982,0,0,0,0,1
X.pred[3],0.111733333,0.632620747,0.005165327,0.005165579,0,0,0,0,1
X.pred[4],0.286733333,1.075822703,0.008784056,0.009789878,0,0,0,0,3
X.pred[5],0.300333333,1.194359656,0.009751906,0.011979874,0,0,0,0,3
X.pred[6],0.308,1.288583213,0.010521238,0.010946713,0,0,0,0,3
X.pred[7],0.346466667,1.389636495,0.011346334,0.012218435,0,0,0,0,3
X.pred[8],0.268866667,1.238606606,0.010113181,0.011441184,0,0,0,0,2
X.pred[9],0.324266667,1.234673813,0.010081069,0.011846125,0,0,0,0,3
X.pred[10],0.187266667,0.854232507,0.006974779,0.006980288,0,0,0,0,2
X.pred[11],0.398,1.439351978,0.01175226,0.013205961,0,0,0,0,3
X.pred[12],0.384266667,1.856170472,0.015155568,0.015735519,0,0,0,0,3
X.pred[13],0.301933333,1.090465743,0.008903616,0.010351589,0,0,0,0,3
X.pred[14],0.353466667,1.620052351,0.013227672,0.01413698,0,0,0,0,3
X.pred[15],0.2672,1.311660089,0.01070966,0.011171088,0,0,0,0,2
X.pred[16],0.3284,1.340101923,0.010941886,0.012257959,0,0,0,0,3
X.pred[17],0.3068,1.236113112,0.010092821,0.012478362,0,0,0,0,3
X.pred[18],0.3892,2.007915704,0.016394563,0.020366821,0,0,0,0,3
X.pred[19],0.4878,1.10305588,0.009006414,0.020739238,0,0,0,1,3
X.pred[20],0.858333333,1.832799634,0.014964746,0.024783385,0,0,0,1,5
X.pred[21],0.361733333,1.415467849,0.011557247,0.011696686,0,0,0,0,3
X.pred[22],0.1856,0.646307838,0.005277081,0.005426812,0,0,0,0,2
X.pred[23],0.175133333,0.943108837,0.007700451,0.007976628,0,0,0,0,2
X.pred[24],0.2832,1.240282352,0.010126863,0.010759568,0,0,0,0,3
X.pred[25],0.513066667,1.658677991,0.013543049,0.014031612,0,0,0,0,4
X.pred[26],0.325,1.127944953,0.009209632,0.00927777,0,0,0,0,3
X.pred[27],0.350533333,1.455770472,0.011886316,0.013018342,0,0,0,0,3
X.pred[28],0.27,1.274836596,0.010408997,0.010472647,0,0,0,0,2
X.pred[29],0.140866667,0.809609132,0.006610431,0.006809257,0,0,0,0,2
X.pred[30],0.440466667,1.673033886,0.013660264,0.014763239,0,0,0,0,3
X.pred[31],0.3516,1.266682441,0.010342419,0.010560338,0,0,0,0,3
X.pred[32],0.314,1.248482244,0.010193815,0.011713888,0,0,0,0,3
X.pred[33],0.148333333,0.959301086,0.007832661,0.008122323,0,0,0,0,1
X.pred[34],0.3886,0.927099783,0.007569738,0.009996509,0,0,0,0,3
X.pred[35],0.226666667,1.135917357,0.009274726,0.009274477,0,0,0,0,2
X.pred[36],0.319466667,7.192240467,0.058724398,0.058800322,0,0,0,0,2
X.pred[37],0.133733333,1.006338036,0.008216716,0.008217115,0,0,0,0,1
X.pred[38],0.301733333,1.092872341,0.008923265,0.011655683,0,0,0,0,3
X.pred[39],0.650533333,2.490760254,0.020336972,0.020958485,0,0,0,1,5
X.pred[40],0.2706,1.010533053,0.008250968,0.008816397,0,0,0,0,2
X.pred[41],0.1952,2.003604566,0.016359363,0.016413459,0,0,0,0,2
X.pred[42],0.269466667,1.047724947,0.008554638,0.008554833,0,0,0,0,2
X.pred[43],0.208933333,0.803237122,0.006558404,0.006570104,0,0,0,0,2
X.pred[44],0.252733333,1.250878428,0.01021338,0.010211669,0,0,0,0,2
X.pred[45],0.355533333,1.681225094,0.013727145,0.013726043,0,0,0,0,3
X.pred[46],0.333333333,1.344399265,0.010976974,0.011980905,0,0,0,0,3
X.pred[47],0.141666667,0.920318978,0.007514373,0.007514715,0,0,0,0,1
X.pred[48],0.276266667,1.151071266,0.009398458,0.009802325,0,0,0,0,2
X.pred[49],1.4618,2.868220564,0.023418923,0.026118908,0,0,1,2,7.025
X.pred[50],0.208466667,1.532959549,0.012516562,0.012543985,0,0,0,0,2
delta[1],-0.002354776,0.293919108,0.002399839,0.004845596,-0.590156655,-0.140990963,-0.001909787,0.135205809,0.585033305
delta[2],-0.003889584,0.301241003,0.002459622,0.004735272,-0.647307531,-0.140535335,-0.001304701,0.133394234,0.604361991
delta[3],-0.001619688,0.294267886,0.002402687,0.0044529,-0.600845477,-0.13989681,-0.003574338,0.13325624,0.608885715
delta[4],-0.003368307,0.308196354,0.002516413,0.005491449,-0.601484848,-0.138827757,-0.005209853,0.130638573,0.610515116
delta[5],-0.020193515,0.311381173,0.002542417,0.006123732,-0.677944537,-0.141929359,-0.005489274,0.121236376,0.543045793
delta[6],-0.016733454,0.293365892,0.002395322,0.004763419,-0.648268443,-0.145815755,-0.005220824,0.127062521,0.55317879
delta[7],-0.020099974,0.316210152,0.002581845,0.005356069,-0.679866668,-0.149465386,-0.009013982,0.123781127,0.573727508
delta[8],-0.006548264,0.296701466,0.002422557,0.006986146,-0.613078889,-0.144194227,-0.007575371,0.12750015,0.609060074
delta[9],-0.016056557,0.307143236,0.002507814,0.004606704,-0.669475647,-0.14467358,-0.004452945,0.125058833,0.57485865
delta[10],0.001927145,0.312698347,0.002553171,0.005622683,-0.621738504,-0.139684887,-0.001265222,0.137305451,0.651717765
delta[11],-0.015689809,0.298673943,0.002438663,0.00603026,-0.64094715,-0.140303785,-0.009022806,0.12290509,0.568890128
delta[12],-0.007863016,0.306318528,0.00250108,0.007103315,-0.642375523,-0.142143598,-0.005262322,0.129140368,0.608981832
delta[13],-0.013840937,0.306653778,0.002503818,0.005739531,-0.652192767,-0.146131061,-0.007406172,0.129063419,0.573800252
delta[14],-0.009533498,0.315599432,0.002576859,0.006390987,-0.656769752,-0.142412902,-0.006153366,0.127001122,0.59544975
delta[15],-0.007174814,0.299044519,0.002441688,0.004697439,-0.636212093,-0.141707322,-0.002926463,0.129680322,0.599075597
delta[16],-0.02889475,0.309495009,0.002527016,0.006741242,-0.717750348,-0.150965424,-0.011718248,0.115674351,0.536698314
delta[17],-0.024031013,0.299580341,0.002446063,0.004760229,-0.675731189,-0.155011846,-0.010101705,0.121349505,0.547757068
delta[18],-0.009776602,0.302374128,0.002468874,0.005754816,-0.640115638,-0.142626296,-0.004519933,0.128193488,0.604482527
delta[19],0.067048514,0.321667939,0.002626408,0.016013578,-0.460606586,-0.094268208,0.031549615,0.177228424,0.831010768
delta[20],0.034775998,0.299934671,0.002448956,0.005821452,-0.515847556,-0.113728061,0.017800578,0.159864682,0.700468673
delta[21],-0.018379035,0.295151918,0.002409905,0.004766326,-0.669015144,-0.143607167,-0.008571512,0.126712593,0.536857263
delta[22],0.080404202,0.324452154,0.002649141,0.010715688,-0.446292928,-0.08311248,0.043953053,0.195799739,0.870475438
delta[23],-0.018623616,0.303126174,0.002475015,0.005002154,-0.655598171,-0.148038965,-0.009818571,0.122832179,0.574187915
delta[24],-0.016479577,0.298637016,0.002438361,0.004767256,-0.649982516,-0.150189954,-0.006601878,0.124601899,0.576737907
delta[25],-0.02192527,0.29129885,0.002378445,0.004566388,-0.656302984,-0.149070413,-0.010161297,0.119214886,0.55567777
delta[26],-0.020861733,0.290299217,0.002370283,0.00470008,-0.655601129,-0.145293234,-0.010337383,0.122465081,0.522544239
delta[27],-0.007510639,0.306724595,0.002504396,0.005282603,-0.623945259,-0.140139142,-0.005579331,0.127219751,0.622322475
delta[28],-0.011337367,0.308092621,0.002515566,0.004959121,-0.64789799,-0.146575957,-0.008361688,0.129512757,0.59251562
delta[29],-0.011664146,0.296935028,0.002424464,0.004646135,-0.652957775,-0.142030817,-0.004162473,0.131545095,0.575137113
delta[30],-0.020407127,0.304091778,0.002482899,0.004981504,-0.680343244,-0.146996155,-0.010259586,0.124536849,0.562128486
delta[31],-0.019406982,0.31504337,0.002572318,0.005709484,-0.657385005,-0.145860681,-0.010334143,0.120015244,0.603715547
delta[32],-0.003812334,0.306664251,0.002503903,0.005651601,-0.621298981,-0.144924067,-0.00465341,0.130218731,0.644449353
delta[33],-0.017238274,0.305223001,0.002492135,0.005250799,-0.662682513,-0.147608998,-0.010564414,0.124412604,0.560923085
delta[34],0.07049203,0.316966643,0.002588022,0.013696224,-0.46982046,-0.093180775,0.035959602,0.187223946,0.842805947
delta[35],-0.012521591,0.295977572,0.002416647,0.00553767,-0.641017956,-0.142891563,-0.005620305,0.128174307,0.583439722
delta[36],-0.014775109,0.308350124,0.002517668,0.005411219,-0.639234206,-0.149298072,-0.012228193,0.12136995,0.613484073
delta[37],6.34E-05,0.301570304,0.002462311,0.005341897,-0.624908512,-0.133150081,0.00019117,0.135961025,0.60373411
delta[38],-0.015948824,0.296760565,0.00242304,0.005337489,-0.65741188,-0.149466225,-0.007943776,0.12573768,0.575051984
delta[39],-0.02269792,0.30979144,0.002529437,0.00650652,-0.669563051,-0.153658822,-0.016102722,0.116801701,0.588282009
delta[40],-0.009341004,0.303255014,0.002476067,0.00512549,-0.639115691,-0.140564201,-0.004151557,0.126892918,0.588019867
delta[41],-0.01306076,0.301948428,0.002465399,0.005494491,-0.658233451,-0.143023472,-0.006540769,0.126774689,0.582479974
delta[42],-0.020927311,0.305357493,0.002493233,0.005598715,-0.693882122,-0.145386781,-0.009858191,0.124635025,0.554540341
delta[43],-0.013394659,0.303317028,0.002476573,0.004278084,-0.663390967,-0.143292596,-0.003879029,0.129892016,0.576627128
delta[44],-0.018101171,0.297711331,0.002430803,0.005122009,-0.675494244,-0.145677828,-0.005115833,0.123750299,0.566199864
delta[45],-0.022290024,0.301339282,0.002460425,0.005723364,-0.685576324,-0.14806038,-0.012575375,0.123683275,0.569345445
delta[46],-0.01655688,0.297628767,0.002430129,0.003890921,-0.632221598,-0.150518144,-0.010305218,0.124120893,0.576069952
delta[47],0.001322417,0.313656678,0.002560996,0.005673646,-0.618617877,-0.136018134,0.001457865,0.13968713,0.63969218
delta[48],-0.007418609,0.313738282,0.002561662,0.004633369,-0.670070894,-0.141064578,-0.00159942,0.128557861,0.622642552
delta[49],0.007487327,0.293701223,0.00239806,0.004609331,-0.584546636,-0.126265223,0.005820349,0.140642524,0.626564452
delta[50],-0.01236179,0.309480156,0.002526895,0.006717816,-0.683472938,-0.140631274,-0.002350627,0.130748031,0.586756301
delta[51],0.008413652,0.316542614,0.00258456,0.008222813,-0.602535291,-0.132676961,0.006796973,0.142352104,0.633901616
delta[52],-0.011491834,0.318747134,0.002602559,0.006950038,-0.678702031,-0.140040784,-0.000960937,0.133361991,0.611492763
delta[53],0.003111804,0.317414862,0.002591681,0.006942332,-0.639243575,-0.131275948,0.002903589,0.139728273,0.641274895
delta[54],0.004170567,0.315933285,0.002579584,0.005797833,-0.623926083,-0.131813342,0.004134855,0.141628052,0.634537639
delta[55],0.00453935,0.304380384,0.002485255,0.005787258,-0.598981749,-0.135624403,-0.000974865,0.137845124,0.653696746
delta[56],0.010640082,0.297877027,0.002432156,0.004338648,-0.567429713,-0.131228727,0.004550865,0.140584435,0.642478415
delta[57],-0.002654983,0.316717984,0.002585992,0.007098068,-0.65496771,-0.139559922,-0.006288734,0.13338468,0.665486224
delta[58],-0.004132788,0.320572825,0.002617466,0.004459224,-0.674868612,-0.137008133,-0.00050482,0.135936704,0.637619149
delta[59],-0.001580936,0.30932935,0.002525664,0.004686625,-0.651071499,-0.133281648,0.001485566,0.134809539,0.634590893
delta[60],-0.000932319,0.305521888,0.002494576,0.004804046,-0.634630447,-0.137771845,-0.00115925,0.137123915,0.609623415
delta[61],0.00453676,0.304409784,0.002485495,0.005879524,-0.583964498,-0.133609921,0.000476419,0.133439304,0.631446971
delta[62],0.006269908,0.310373507,0.002534189,0.007656556,-0.619033463,-0.130988164,0.002057349,0.136066885,0.649214179
delta[63],0.00660379,0.307359819,0.002509582,0.005080219,-0.597964708,-0.1331577,0.001056356,0.139763889,0.638204834
delta[64],0.005751274,0.328884717,0.002685332,0.009697635,-0.620302776,-0.134465207,0.000791785,0.136165719,0.626209687
delta[65],-0.004544363,0.33992493,0.002775475,0.010666407,-0.665646333,-0.131998882,0.00264407,0.14077338,0.634150808
delta[66],-0.004283196,0.319175794,0.002606059,0.006632099,-0.650904936,-0.139586606,-0.000897901,0.134923377,0.623354431
delta[67],0.014246001,0.29571755,0.002414524,0.004966865,-0.583793825,-0.126358904,0.007537921,0.145065778,0.636515246
delta[68],0.006635923,0.306608041,0.002503444,0.005898005,-0.58996494,-0.129462456,0.002803023,0.139748181,0.637001139
delta[69],0.005246602,0.303455589,0.002477705,0.005182204,-0.592077568,-0.133219544,0.004622787,0.139600626,0.628465348
delta[70],-0.003103529,0.302692222,0.002471472,0.005427683,-0.639216918,-0.134207979,0.001785269,0.134511429,0.605626046
delta[71],0.005504128,0.320471685,0.00261664,0.009366696,-0.616040529,-0.135635329,0.002814024,0.138648366,0.642136142
delta[72],0.003755532,0.319613249,0.002609631,0.006491872,-0.635347539,-0.131215394,0.004975227,0.14074908,0.646727772
delta[73],0.008651368,0.310723613,0.002537048,0.005561617,-0.594086298,-0.13174159,0.004691001,0.141273554,0.644147453
delta[74],0.01041931,0.307413127,0.002510018,0.006174572,-0.598138588,-0.131435306,0.003588193,0.143328786,0.649993247
delta[75],-0.003623398,0.30661841,0.002503529,0.00507398,-0.605040238,-0.139757985,-0.001867707,0.133150381,0.630173948
delta[76],0.003242033,0.303060117,0.002474475,0.004297099,-0.611825879,-0.13351754,-0.001081087,0.13533686,0.61862495
delta[77],-0.006588236,0.311545065,0.002543755,0.005286462,-0.632666247,-0.139356448,-0.000740639,0.128756287,0.612722297
delta[78],0.00058732,0.301339591,0.002460427,0.005398754,-0.624421547,-0.135982312,0.001251415,0.143588948,0.597890054
delta[79],-0.004747228,0.303373189,0.002477032,0.004652685,-0.638325734,-0.13955434,-0.002643843,0.132597443,0.622593588
delta[80],0.002647281,0.311688313,0.002544924,0.004744168,-0.628586308,-0.136612976,0.001128134,0.139470971,0.646401569
delta[81],0.000804529,0.302464963,0.002469616,0.005124829,-0.616739439,-0.137953578,-0.00023346,0.140795919,0.629535062
delta[82],-0.003585381,0.301608879,0.002462626,0.005153379,-0.645427499,-0.134501937,-0.000402185,0.132200156,0.599711038
delta[83],0.009958968,0.313877004,0.002562795,0.006153547,-0.601553691,-0.126589254,0.004625847,0.141075357,0.671125285
delta[84],0.000311105,0.29642905,0.002420333,0.004607847,-0.604812123,-0.134116422,-0.000769685,0.131489144,0.614205331
delta[85],0.00953495,0.298284015,0.002435479,0.004901914,-0.579879054,-0.127410614,0.005024358,0.143540692,0.629802037
delta[86],0.005301735,0.31117575,0.002540739,0.005743806,-0.619939799,-0.133749459,0.002663941,0.144697628,0.619454572
delta[87],-0.00150705,0.298505335,0.002437286,0.004784359,-0.614503741,-0.136806809,-0.001253868,0.135432569,0.597766843
delta[88],0.000965536,0.302801602,0.002472365,0.005909051,-0.624034152,-0.130343703,0.004412662,0.138873603,0.606662191
delta[89],0.003142705,0.297848108,0.00243192,0.004424484,-0.616996671,-0.134162281,-0.003215922,0.137935589,0.634431288
delta[90],-0.003330679,0.30834344,0.002517614,0.00524876,-0.651709722,-0.135423599,-0.000659127,0.132595494,0.634173907
delta[91],-0.007398107,0.30278089,0.002472196,0.005260867,-0.644217883,-0.141054455,-0.001430429,0.13168282,0.606413318
delta[92],0.001359503,0.310720234,0.00253702,0.005335755,-0.622989681,-0.136129285,0.000556177,0.139670201,0.63605767
delta[93],-0.002075229,0.305968668,0.002498224,0.005657247,-0.642518934,-0.138846268,-0.000200301,0.134038358,0.603895224
delta[94],-0.002130177,0.30072056,0.002455373,0.004927278,-0.627792051,-0.135566656,-0.000525593,0.13252803,0.596390033
delta[95],0.001171846,0.314105347,0.002564659,0.004956523,-0.631851604,-0.136513228,-0.000145117,0.134940033,0.641892274
delta[96],0.003367611,0.304809102,0.002488756,0.005868568,-0.60621922,-0.138041809,0.001019281,0.136551055,0.631388726
delta[97],-0.001381263,0.293722841,0.002398237,0.004200505,-0.615723274,-0.136400361,0.001269091,0.138916019,0.606465371
delta[98],-0.002174977,0.299450634,0.002445004,0.004768191,-0.617103989,-0.134903517,-0.0001408,0.134994744,0.600689701
delta[99],0.000510699,0.303915549,0.00248146,0.005428138,-0.647711577,-0.132128661,0.001521311,0.137337318,0.619751919
delta[100],0.002765127,0.313638986,0.002560852,0.006119847,-0.610765551,-0.13798112,0.00147687,0.13435643,0.649489751
delta[101],0.008995631,0.327312474,0.002672495,0.008642626,-0.593456903,-0.133200038,-0.00029462,0.138161912,0.638439026
delta[102],-0.004968027,0.293267977,0.002394523,0.004773674,-0.636638101,-0.133890949,0.001165649,0.136911629,0.567508636
delta[103],0.003595443,0.293379573,0.002395434,0.004652802,-0.610478242,-0.132613345,0.000729467,0.138293093,0.60691162
delta[104],0.01275035,0.31434535,0.002566619,0.007729124,-0.586299265,-0.126916195,0.003810348,0.13776402,0.668345097
delta[105],0.002612824,0.312445403,0.002551106,0.005310595,-0.639784062,-0.127187059,0.003442975,0.136584248,0.607000037
delta[106],-0.003544207,0.30833557,0.002517549,0.005635948,-0.620490446,-0.140588288,-0.003697382,0.134638044,0.629516996
delta[107],-0.008023703,0.311520942,0.002543558,0.006124071,-0.653409898,-0.142388806,-7.30E-05,0.133554451,0.603737671
delta[108],0.001603578,0.308402759,0.002518098,0.005179887,-0.610918137,-0.134535592,0.002930517,0.136517007,0.617653208
delta[109],-0.007780738,0.312561101,0.002552051,0.006886088,-0.674436014,-0.139394404,-0.004255626,0.134563963,0.622351834
delta[110],-0.00376782,0.312281721,0.00254977,0.005647395,-0.647948867,-0.138822585,0.000407478,0.138214149,0.627115818
delta[111],-0.010902172,0.312134874,0.002548571,0.0055912,-0.673432449,-0.14199074,-0.002910482,0.132945904,0.602575839
delta[112],0.005333354,0.306881617,0.002505678,0.004794935,-0.604637881,-0.133165818,0.002615269,0.139719376,0.627097044
delta[113],0.007593652,0.31754323,0.00259273,0.006067023,-0.615695066,-0.130303577,0.00219016,0.13749543,0.670484351
delta[114],-0.005377173,0.315655588,0.002577317,0.006350227,-0.665124776,-0.139363817,-0.001268597,0.134731265,0.589700256
delta[115],0.003685117,0.323651667,0.002642605,0.007038308,-0.63228637,-0.134630493,0.000764246,0.138060955,0.652217211
delta[116],0.007575532,0.305262967,0.002492462,0.005363281,-0.59088211,-0.132563707,0.003674396,0.137759519,0.632843805
delta[117],0.00057118,0.312753355,0.00255362,0.0049108,-0.646616635,-0.132060684,-0.001161688,0.136696225,0.625139903
delta[118],-0.006449936,0.315542498,0.002576394,0.006372179,-0.676678537,-0.138518201,-0.00267406,0.132079915,0.601686432
delta[119],0.013360944,0.311600713,0.002544209,0.006060388,-0.569738418,-0.13185666,0.004012632,0.14404578,0.657538889
delta[120],0.003767902,0.305071851,0.002490901,0.005622949,-0.600546126,-0.139389019,-0.002941976,0.134620474,0.634403015
delta[121],-0.008767768,0.311574216,0.002543993,0.008191174,-0.684439024,-0.139931695,-0.00205539,0.127152634,0.633215387
delta[122],0.003084849,0.308573565,0.002519493,0.004931385,-0.599002146,-0.132170008,0.000302451,0.134766461,0.658957579
delta[123],0.013289466,0.312439583,0.002551059,0.007403705,-0.576898139,-0.132780325,0.002707744,0.139809753,0.654528553
delta[124],0.005151948,0.311165583,0.002540656,0.005968115,-0.626138304,-0.135652097,0.002448038,0.143433214,0.651778843
delta[125],-0.002911129,0.298252769,0.002435224,0.004381904,-0.623483883,-0.138892599,7.63E-07,0.135356175,0.58749545
delta[126],-0.004854586,0.295396001,0.002411898,0.004434732,-0.63376373,-0.139226038,-0.003512436,0.132911008,0.591048413
delta[127],-0.00793687,0.31420742,0.002565493,0.006515585,-0.640114137,-0.13904615,-0.003260893,0.132054733,0.609591546
delta[128],0.000261344,0.3181405,0.002597606,0.006411913,-0.627291132,-0.132633856,0.001750923,0.135789652,0.625865405
delta[129],-0.001608158,0.308499876,0.002518891,0.005445323,-0.632030236,-0.134396612,-0.000190715,0.138218205,0.617517611
delta[130],0.010010201,0.31189754,0.002546633,0.004855219,-0.600874251,-0.126184502,0.006332348,0.141844497,0.667980171
delta[131],0.005603019,0.320672652,0.002618281,0.008827521,-0.599983431,-0.131721059,0.005734161,0.139497629,0.678061528
delta[132],-0.004983805,0.301454739,0.002461368,0.004234522,-0.619947747,-0.144419156,-0.001455159,0.136333187,0.603847215
delta[133],0.00269804,0.318146474,0.002597655,0.006638435,-0.636749184,-0.137972886,-0.001210204,0.138735847,0.649048995
delta[134],0.006169563,0.305346597,0.002493145,0.004500492,-0.582306376,-0.137730343,0.002175108,0.142141594,0.644508065
delta[135],0.014683866,0.323658277,0.002642659,0.007807828,-0.603222143,-0.132221588,0.003542727,0.144614465,0.686418654
delta[136],-0.000329046,0.307856597,0.002513639,0.005840608,-0.633670499,-0.135447394,0.000212085,0.139567028,0.615895288
delta[137],0.002459529,0.29276096,0.002390383,0.004580511,-0.591374833,-0.130520699,0.001733253,0.137293076,0.612441005
delta[138],0.012657412,0.303169975,0.002475372,0.005007956,-0.569650907,-0.131214505,0.006257829,0.144884909,0.641038166
delta[139],-0.001312208,0.31289831,0.002554804,0.005271018,-0.651611686,-0.137427652,-0.000744226,0.133535145,0.6296762
delta[140],-0.001993495,0.301688334,0.002463275,0.004223366,-0.608062999,-0.133714557,-0.000567112,0.136689011,0.585969492
delta[141],0.007235044,0.298886556,0.002440399,0.006097128,-0.576629896,-0.132187247,0.003165894,0.142493695,0.638710784
delta[142],-0.000272403,0.303732296,0.002479964,0.00487779,-0.638118559,-0.132638174,0.001013942,0.136220038,0.624342441
delta[143],0.00832626,0.305039146,0.002490634,0.005056631,-0.60924175,-0.133186822,0.004513172,0.141646227,0.671961072
delta[144],-0.001419657,0.302401826,0.002469101,0.004155364,-0.612218429,-0.128621771,0.001810039,0.13204153,0.591133209
delta[145],0.007593777,0.314970392,0.002571722,0.005802164,-0.61840177,-0.133873693,0.001072209,0.14264893,0.682111727
delta[146],0.005173018,0.309628837,0.002528109,0.004650057,-0.624241066,-0.134215852,0.001124618,0.144225085,0.63515931
delta[147],0.00690518,0.296185995,0.002418349,0.004347006,-0.581668044,-0.132575106,0.001937868,0.141886359,0.643256619
delta[148],0.0048661,0.308296439,0.00251723,0.007275932,-0.616486863,-0.131708761,0.001741554,0.137688419,0.642152022
delta[149],0.005800743,0.295672446,0.002414155,0.004842496,-0.597944051,-0.132739056,0.000432233,0.140877468,0.635604965
delta[150],0.000438643,0.312130895,0.002548538,0.007114946,-0.643011004,-0.13239816,0.003257571,0.141559754,0.632575853
delta[151],-0.004937859,0.304057219,0.002482617,0.005477234,-0.632944953,-0.138004322,-0.002873149,0.135773043,0.5949382
delta[152],0.015592382,0.320478649,0.002616697,0.007491488,-0.597534815,-0.129089235,0.007480267,0.144293562,0.690166033
delta[153],0.000822091,0.300535043,0.002453858,0.005290647,-0.615413805,-0.135385312,0.004248882,0.141586712,0.604440654
delta[154],0.003227953,0.296151457,0.002418067,0.004750982,-0.610404204,-0.128103859,0.005421865,0.13722482,0.590858474
delta[155],0.012483263,0.321534145,0.002625315,0.008470317,-0.58029714,-0.131935799,0.003820839,0.141282446,0.649903344
delta[156],0.005682151,0.315815037,0.002578619,0.005496439,-0.628353312,-0.133764363,4.74E-05,0.136828335,0.663892966
delta[157],0.00622389,0.311136336,0.002540418,0.006073913,-0.604867572,-0.13483775,0.005073781,0.145346892,0.640293955
delta[158],0.006678124,0.303246544,0.002475998,0.004657885,-0.605906985,-0.129228204,0.006118178,0.141395188,0.620993168
delta[159],0.007644951,0.315160146,0.002573272,0.006404827,-0.607330984,-0.129186099,0.003454954,0.141919014,0.652979623
delta[160],0.002129116,0.306770526,0.002504771,0.005510317,-0.612731434,-0.129988343,0.002979555,0.139203124,0.6232958
delta[161],0.009481229,0.307138513,0.002507775,0.005584945,-0.585354668,-0.126523149,0.004393915,0.14221331,0.651721945
delta[162],0.00886929,0.297007052,0.002425052,0.004941036,-0.603101934,-0.130361871,0.003643375,0.141627286,0.637521632
delta[163],0.009661827,0.329345269,0.002689093,0.006711623,-0.628109382,-0.136051405,0.001617183,0.140171085,0.684770289
delta[164],0.001726887,0.301548276,0.002462131,0.005309083,-0.623068174,-0.134306176,0.00099377,0.139114641,0.636438782
delta[165],0.013373819,0.306799018,0.002505003,0.005478809,-0.590706225,-0.127242823,0.005222989,0.142495224,0.670252211
delta[166],0.001660368,0.322270587,0.002631328,0.005745699,-0.663534779,-0.13808896,0.002932347,0.140875731,0.689499372
delta[167],-0.001555,0.307604424,0.00251158,0.00447175,-0.618489455,-0.139241517,0.00424285,0.141685397,0.611382342
delta[168],0.000409311,0.308834831,0.002521626,0.004983891,-0.636557063,-0.136083714,0.000526034,0.138656595,0.626421204
delta[169],0.010442498,0.313808935,0.002562239,0.006266058,-0.594332373,-0.127925689,0.00544738,0.141015767,0.680753696
delta[170],0.00027655,0.316658754,0.002585508,0.005640711,-0.649667361,-0.13579899,-0.000303664,0.1385032,0.630591367
delta[171],-0.000221543,0.323257505,0.002639386,0.005389384,-0.643584883,-0.136538064,-0.001364919,0.136786077,0.661407702
delta[172],0.001474575,0.305609717,0.002495293,0.005446878,-0.594909708,-0.132435117,-0.002090166,0.135941251,0.62471582
delta[173],0.006841752,0.305992169,0.002498416,0.008379551,-0.582511664,-0.135991239,8.87E-05,0.138229777,0.634084928
delta[174],0.012214465,0.324804684,0.002652019,0.006719028,-0.598346025,-0.132936143,0.000331582,0.13717971,0.678120404
delta[175],0.0082229,0.305571898,0.002494984,0.006107972,-0.585608018,-0.133463199,0.001000406,0.140406265,0.660682904
delta[176],0.003212349,0.291743721,0.002382078,0.005048164,-0.585816336,-0.134291413,-0.001138951,0.136234352,0.61563124
home,-1.095000171,1.44939018,0.011834221,0.025925476,-4.398428499,-1.933824041,-0.936942642,-0.095372939,1.312079272
lambda1[1],0.271999493,2.117381771,0.01728835,0.036947482,-4.002384697,-0.534851931,0.106565093,0.982317485,5.13284031
lambda1[2],0.201157983,2.164518778,0.017673222,0.045128575,-4.252813631,-0.573324056,0.089860771,0.957010373,4.888597937
lambda1[3],0.335563295,2.15879543,0.017626491,0.055004015,-3.556499999,-0.486871251,0.121007573,0.991564842,5.025189093
lambda1[4],-0.559611832,2.077337012,0.016961386,0.091314893,-5.908626998,-1.092058581,-0.153086191,0.417192871,2.47313691
lambda1[5],0.1919835,2.156122716,0.017604668,0.046212082,-4.222252199,-0.551570703,0.097750905,0.9497168,4.740732917
lambda1[6],0.183292976,2.093927321,0.017096845,0.036474816,-4.205785531,-0.574851326,0.091104775,0.933969525,4.699815878
lambda1[7],0.305673502,2.26324085,0.018479284,0.046680775,-3.702913044,-0.540123235,0.098766391,0.950106726,5.294449703
lambda1[8],0.322389763,2.03596771,0.016623607,0.03731602,-3.543160581,-0.512193288,0.115026829,0.987336626,5.145889843
lambda1[9],0.296838221,2.054682525,0.016776413,0.040216392,-3.608918325,-0.500301253,0.107975674,0.980391083,4.988598894
lambda1[10],-0.071869879,1.027921605,0.008392945,0.025488298,-2.541054063,-0.515157845,0.020537945,0.505126976,1.74517083
lambda1[11],0.323961038,2.187415842,0.017860176,0.047141468,-3.747408474,-0.504134186,0.122489798,1.005530206,5.319954174
lambda1[12],0.262453421,2.108964972,0.017219627,0.033171559,-4.041807683,-0.528877396,0.107997854,0.972917627,5.26207627
lambda1[13],0.262213999,2.163688863,0.017666446,0.046828227,-3.863082759,-0.555408982,0.101441499,0.939650119,5.034520704
lambda1[14],0.275956071,2.175158569,0.017760095,0.043785115,-3.836461846,-0.533864585,0.107296124,0.972116613,4.952802235
lambda1[15],-1.411916022,1.133961732,0.009258759,0.067460911,-4.085621632,-2.067425484,-1.240313246,-0.551409018,0.149852422
lambda1[16],0.262389759,2.054537546,0.016775229,0.042003179,-3.813176855,-0.504581771,0.111709875,0.978118895,4.748851945
lambda1[17],0.213145054,2.139053918,0.017465302,0.037374331,-4.121509613,-0.524425013,0.104102836,0.982416052,4.722031317
lambda1[18],0.226208148,2.187583452,0.017861544,0.05503782,-4.01829206,-0.520120029,0.110182879,0.965744511,4.917212305
lambda1[19],-0.86153349,1.019175755,0.008321535,0.045616222,-3.399542887,-1.375696984,-0.649566276,-0.126051145,0.557921872
lambda1[20],0.314868002,2.228220549,0.018193345,0.053569229,-3.712359629,-0.497294918,0.114944818,0.961877929,4.959832013
lambda1[21],0.122906331,2.306612917,0.018833416,0.062469928,-4.239005553,-0.577911661,0.081118657,0.92268032,4.698414167
lambda1[22],-1.15077461,1.106415778,0.009033847,0.061567519,-3.775340277,-1.779322782,-0.974733936,-0.310241793,0.416052609
lambda1[23],-0.593545022,1.844139121,0.015057333,0.066428058,-5.388642087,-1.165969189,-0.185180126,0.345643286,2.165452878
lambda1[24],0.2762503,2.181973924,0.017815742,0.05947012,-3.860320411,-0.511259757,0.102354431,0.964581548,5.04602811
lambda2[1],-0.077982485,1.057580711,0.00863511,0.022126272,-2.297817551,-0.353997206,-0.022687826,0.244894947,1.856494269
lambda2[2],0.239914419,0.875891223,0.007151622,0.029513352,-1.118594087,-0.15533133,0.08010843,0.460631778,2.49512321
lambda2[3],-0.199201435,0.718007451,0.005862506,0.017053273,-1.952654096,-0.459469043,-0.086554085,0.138925607,1.064243397
lambda2[4],-0.112541474,1.08797556,0.008883283,0.028560431,-2.42826187,-0.369914321,-0.033405824,0.240842345,1.823720451
lambda2[5],-0.103054494,1.064809332,0.008694132,0.02294834,-2.38302638,-0.363917861,-0.027768401,0.232610754,1.810457802
lambda2[6],-0.018673623,0.952030568,0.007773297,0.021653319,-2.065243597,-0.314302927,-0.011997614,0.269789992,1.918634337
lambda2[7],-0.100224141,1.024370514,0.00836395,0.022622425,-2.416845936,-0.363131465,-0.031832303,0.238586941,1.696314573
lambda2[8],0.267837649,0.925179812,0.007554062,0.040096269,-1.03964371,-0.140818549,0.084787756,0.483970172,2.528733896
lambda2[9],-0.170410282,0.656693763,0.005361882,0.022407094,-1.735237019,-0.407465201,-0.079104687,0.142239349,0.958033924
lambda2[10],0.303701325,0.890798148,0.007273336,0.036987518,-0.994897201,-0.117685469,0.109419383,0.530330074,2.627579453
lambda2[11],0.559794526,0.995651925,0.008129464,0.057581242,-0.576496806,-0.018231804,0.241816966,0.842386502,3.328659493
lambda2[12],0.081113924,0.910879337,0.007437299,0.017835404,-1.651308875,-0.254854241,0.019237832,0.333089653,2.205077329
lambda2[13],-0.125579907,1.024576888,0.008365635,0.024753885,-2.607891505,-0.364377974,-0.026511803,0.249360736,1.750005006
lambda2[14],0.069946254,0.955395559,0.007800772,0.024595676,-1.700526882,-0.263373895,0.016103062,0.319521743,2.203017145
lambda2[15],-0.124618713,1.06070464,0.008660617,0.027493281,-2.570828365,-0.374370199,-0.034565241,0.226459641,1.765188903
lambda2[16],-0.135980452,1.12590011,0.009192936,0.035014479,-2.388093245,-0.379362747,-0.031588679,0.234525021,1.657525347
lambda2[17],-0.065273897,0.941715357,0.007689074,0.018077701,-2.179079629,-0.343502658,-0.019223685,0.253828514,1.839070261
lambda2[18],-0.129225636,0.876800366,0.007159045,0.020992695,-2.199049672,-0.380691835,-0.040443906,0.208857916,1.477339551
lambda2[19],-0.098885468,0.961496397,0.007850585,0.019109906,-2.339812783,-0.368209015,-0.027171613,0.250787086,1.756536058
lambda2[20],0.040905957,0.906757538,0.007403644,0.02392302,-1.810888904,-0.275535545,0.007939089,0.307123008,2.101747723
lambda2[21],0.256117743,0.701663637,0.00572906,0.028798221,-0.896870696,-0.104322623,0.114934643,0.517883856,1.996895084
lambda2[22],-0.166480246,1.078441915,0.008805441,0.038200672,-2.621384271,-0.392331061,-0.041355669,0.21719336,1.573116422
lambda2[23],-0.050236238,0.964664871,0.007876456,0.020674749,-2.118975677,-0.331786838,-0.015622971,0.264307029,1.937749024
lambda2[24],-0.140963306,0.993170172,0.0081092,0.021344345,-2.499056313,-0.381449107,-0.036275686,0.214326384,1.654444689
